formation,startXI,substitutes,team.id,team.name,team.logo,team.colors.player.primary,team.colors.player.number,team.colors.player.border,team.colors.goalkeeper.primary,team.colors.goalkeeper.number,team.colors.goalkeeper.border,coach.id,coach.name,coach.photo
4-2-3-1,"[{'player': {'id': 526, 'name': 'A. Onana', 'number': 24, 'pos': 'G', 'grid': '1:1'}}, {'player': {'id': 545, 'name': 'N. Mazraoui', 'number': 3, 'pos': 'D', 'grid': '2:4'}}, {'player': {'id': 2935, 'name': 'H. Maguire', 'number': 5, 'pos': 'D', 'grid': '2:3'}}, {'player': {'id': 2467, 'name': 'Lisandro Martínez', 'number': 6, 'pos': 'D', 'grid': '2:2'}}, {'player': {'id': 886, 'name': 'Diogo Dalot', 'number': 20, 'pos': 'D', 'grid': '2:1'}}, {'player': {'id': 747, 'name': 'Casemiro', 'number': 18, 'pos': 'M', 'grid': '3:2'}}, {'player': {'id': 284322, 'name': 'K. Mainoo', 'number': 37, 'pos': 'M', 'grid': '3:1'}}, {'player': {'id': 157997, 'name': 'A. Diallo', 'number': 16, 'pos': 'M', 'grid': '4:3'}}, {'player': {'id': 19220, 'name': 'M. Mount', 'number': 7, 'pos': 'M', 'grid': '4:2'}}, {'player': {'id': 909, 'name': 'M. Rashford', 'number': 10, 'pos': 'M', 'grid': '4:1'}}, {'player': {'id': 1485, 'name': 'Bruno Fernandes', 'number': 8, 'pos': 'F', 'grid': '5:1'}}]","[{'player': {'id': 284324, 'name': 'A. Garnacho', 'number': 17, 'pos': 'F', 'grid': None}}, {'player': {'id': 70100, 'name': 'J. Zirkzee', 'number': 11, 'pos': 'F', 'grid': None}}, {'player': {'id': 532, 'name': 'M. de Ligt', 'number': 4, 'pos': 'D', 'grid': None}}, {'player': {'id': 18772, 'name': 'J. Evans', 'number': 35, 'pos': 'D', 'grid': None}}, {'player': {'id': 903, 'name': 'S. McTominay', 'number': 39, 'pos': 'M', 'grid': None}}, {'player': {'id': 174, 'name': 'C. Eriksen', 'number': 14, 'pos': 'M', 'grid': None}}, {'player': {'id': 284400, 'name': 'T. Collyer', 'number': 43, 'pos': 'M', 'grid': None}}, {'player': {'id': 9971, 'name': 'Antony', 'number': 21, 'pos': 'F', 'grid': None}}, {'player': {'id': 50132, 'name': 'A. Bayındır', 'number': 1, 'pos': 'G', 'grid': None}}]",33,Manchester United,https://media.api-sports.io/football/teams/33.png,ea0000,ffffff,ea0000,000000,ffffff,000000,1993,E. ten Hag,https://media.api-sports.io/football/coachs/1993.png
4-2-3-1,"[{'player': {'id': 1438, 'name': 'B. Leno', 'number': 1, 'pos': 'G', 'grid': '1:1'}}, {'player': {'id': 657, 'name': 'K. Tete', 'number': 2, 'pos': 'D', 'grid': '2:4'}}, {'player': {'id': 18814, 'name': 'I. Diop', 'number': 31, 'pos': 'D', 'grid': '2:3'}}, {'player': {'id': 152967, 'name': 'C. Bassey', 'number': 3, 'pos': 'D', 'grid': '2:2'}}, {'player': {'id': 19549, 'name': 'A. Robinson', 'number': 33, 'pos': 'D', 'grid': '2:1'}}, {'player': {'id': 899, 'name': 'Andreas Pereira', 'number': 18, 'pos': 'M', 'grid': '3:2'}}, {'player': {'id': 2823, 'name': 'S. Lukić', 'number': 20, 'pos': 'M', 'grid': '3:1'}}, {'player': {'id': 18753, 'name': 'Adama Traoré', 'number': 11, 'pos': 'M', 'grid': '4:3'}}, {'player': {'id': 1161, 'name': 'E. Smith Rowe', 'number': 32, 'pos': 'M', 'grid': '4:2'}}, {'player': {'id': 1455, 'name': 'A. Iwobi', 'number': 17, 'pos': 'M', 'grid': '4:1'}}, {'player': {'id': 195106, 'name': 'Rodrigo Muniz', 'number': 9, 'pos': 'F', 'grid': '5:1'}}]","[{'player': {'id': 19025, 'name': 'T. Cairney', 'number': 10, 'pos': 'M', 'grid': None}}, {'player': {'id': 2887, 'name': 'R. Jiménez', 'number': 7, 'pos': 'F', 'grid': None}}, {'player': {'id': 19221, 'name': 'H. Wilson', 'number': 8, 'pos': 'M', 'grid': None}}, {'player': {'id': 191971, 'name': 'J. Stansfield', 'number': 28, 'pos': 'F', 'grid': None}}, {'player': {'id': 19480, 'name': 'H. Reed', 'number': 6, 'pos': 'M', 'grid': None}}, {'player': {'id': 19312, 'name': 'S. Benda', 'number': 23, 'pos': 'G', 'grid': None}}, {'player': {'id': 131, 'name': 'Jorge Cuenca', 'number': 15, 'pos': 'D', 'grid': None}}, {'player': {'id': 2920, 'name': 'T. Castagne', 'number': 21, 'pos': 'D', 'grid': None}}, {'player': {'id': 389315, 'name': 'J. King', 'number': 24, 'pos': 'M', 'grid': None}}]",36,Fulham,https://media.api-sports.io/football/teams/36.png,ffffff,000000,ffffff,d01e2a,ffffff,d01e2a,10,Marco Silva,https://media.api-sports.io/football/coachs/10.png
4-2-3-1,"[{'player': {'id': 19541, 'name': 'C. Walton', 'number': 28, 'pos': 'G', 'grid': '1:1'}}, {'player': {'id': 19182, 'name': 'A. Tuanzebe', 'number': 40, 'pos': 'D', 'grid': '2:4'}}, {'player': {'id': 17714, 'name': 'L. Woolfenden', 'number': 6, 'pos': 'D', 'grid': '2:3'}}, {'player': {'id': 127579, 'name': 'J. Greaves', 'number': 24, 'pos': 'D', 'grid': '2:2'}}, {'player': {'id': 19119, 'name': 'L. Davis', 'number': 3, 'pos': 'D', 'grid': '2:1'}}, {'player': {'id': 19558, 'name': 'Sam Morsy', 'number': 5, 'pos': 'M', 'grid': '3:2'}}, {'player': {'id': 2752, 'name': 'M. Luongo', 'number': 25, 'pos': 'M', 'grid': '3:1'}}, {'player': {'id': 20089, 'name': 'W. Burns', 'number': 7, 'pos': 'M', 'grid': '4:3'}}, {'player': {'id': 20007, 'name': 'C. Chaplin', 'number': 10, 'pos': 'M', 'grid': '4:2'}}, {'player': {'id': 284428, 'name': 'O. Hutchinson', 'number': 20, 'pos': 'M', 'grid': '4:1'}}, {'player': {'id': 161948, 'name': 'L. Delap', 'number': 19, 'pos': 'F', 'grid': '5:1'}}]","[{'player': {'id': 18823, 'name': 'B. Johnson', 'number': 18, 'pos': 'D', 'grid': None}}, {'player': {'id': 18397, 'name': 'J. Taylor', 'number': 14, 'pos': 'M', 'grid': None}}, {'player': {'id': 20031, 'name': 'M. Harness', 'number': 11, 'pos': 'M', 'grid': None}}, {'player': {'id': 17579, 'name': 'S. Szmodics', 'number': 23, 'pos': 'M', 'grid': None}}, {'player': {'id': 299813, 'name': 'Ali Al Hamadi', 'number': 16, 'pos': 'F', 'grid': None}}, {'player': {'id': 19152, 'name': 'C. Townsend', 'number': 22, 'pos': 'D', 'grid': None}}, {'player': {'id': 19130, 'name': 'K. Phillips', 'number': 8, 'pos': 'M', 'grid': None}}, {'player': {'id': 158702, 'name': 'C. Slicker', 'number': 13, 'pos': 'G', 'grid': None}}, {'player': {'id': 20457, 'name': 'C. Burgess', 'number': 15, 'pos': 'D', 'grid': None}}]",57,Ipswich,https://media.api-sports.io/football/teams/57.png,0055aa,ffffff,0055aa,0f0f0e,000000,0f0f0e,16556,K. McKenna,https://media.api-sports.io/football/coachs/16556.png
4-2-3-1,"[{'player': {'id': 280, 'name': 'Alisson Becker', 'number': 1, 'pos': 'G', 'grid': '1:1'}}, {'player': {'id': 283, 'name': 'T. Alexander-Arnold', 'number': 66, 'pos': 'D', 'grid': '2:4'}}, {'player': {'id': 158698, 'name': 'J. Quansah', 'number': 78, 'pos': 'D', 'grid': '2:3'}}, {'player': {'id': 290, 'name': 'V. van Dijk', 'number': 4, 'pos': 'D', 'grid': '2:2'}}, {'player': {'id': 289, 'name': 'A. Robertson', 'number': 26, 'pos': 'D', 'grid': '2:1'}}, {'player': {'id': 542, 'name': 'R. Gravenberch', 'number': 38, 'pos': 'M', 'grid': '3:2'}}, {'player': {'id': 6716, 'name': 'A. Mac Allister', 'number': 10, 'pos': 'M', 'grid': '3:1'}}, {'player': {'id': 306, 'name': 'Mohamed Salah', 'number': 11, 'pos': 'M', 'grid': '4:3'}}, {'player': {'id': 1096, 'name': 'D. Szoboszlai', 'number': 8, 'pos': 'M', 'grid': '4:2'}}, {'player': {'id': 2489, 'name': 'L. Díaz', 'number': 7, 'pos': 'M', 'grid': '4:1'}}, {'player': {'id': 2678, 'name': 'Diogo Jota', 'number': 20, 'pos': 'F', 'grid': '5:1'}}]","[{'player': {'id': 1145, 'name': 'I. Konaté', 'number': 5, 'pos': 'D', 'grid': None}}, {'player': {'id': 180317, 'name': 'C. Bradley', 'number': 84, 'pos': 'D', 'grid': None}}, {'player': {'id': 1600, 'name': 'K. Tsimikas', 'number': 21, 'pos': 'D', 'grid': None}}, {'player': {'id': 247, 'name': 'C. Gakpo', 'number': 18, 'pos': 'F', 'grid': None}}, {'player': {'id': 281, 'name': 'C. Kelleher', 'number': 62, 'pos': 'G', 'grid': None}}, {'player': {'id': 51617, 'name': 'D. Núñez', 'number': 9, 'pos': 'F', 'grid': None}}, {'player': {'id': 293, 'name': 'C. Jones', 'number': 17, 'pos': 'M', 'grid': None}}, {'player': {'id': 8500, 'name': 'W. Endō', 'number': 3, 'pos': 'M', 'grid': None}}, {'player': {'id': 19035, 'name': 'H. Elliott', 'number': 19, 'pos': 'M', 'grid': None}}]",40,Liverpool,https://media.api-sports.io/football/teams/40.png,e41e2c,ffffff,e41e2c,23262b,f3f5f0,23262b,2006,A. Slot,https://media.api-sports.io/football/coachs/2006.png
4-3-3,"[{'player': {'id': 19465, 'name': 'David Raya', 'number': 22, 'pos': 'G', 'grid': '1:1'}}, {'player': {'id': 19959, 'name': 'B. White', 'number': 4, 'pos': 'D', 'grid': '2:4'}}, {'player': {'id': 22090, 'name': 'W. Saliba', 'number': 2, 'pos': 'D', 'grid': '2:3'}}, {'player': {'id': 22224, 'name': 'Gabriel Magalhães', 'number': 6, 'pos': 'D', 'grid': '2:2'}}, {'player': {'id': 641, 'name': 'O. Zinchenko', 'number': 17, 'pos': 'D', 'grid': '2:1'}}, {'player': {'id': 37127, 'name': 'M. Ødegaard', 'number': 8, 'pos': 'M', 'grid': '3:3'}}, {'player': {'id': 49, 'name': 'T. Partey', 'number': 5, 'pos': 'M', 'grid': '3:2'}}, {'player': {'id': 2937, 'name': 'D. Rice', 'number': 41, 'pos': 'M', 'grid': '3:1'}}, {'player': {'id': 1460, 'name': 'B. Saka', 'number': 7, 'pos': 'F', 'grid': '4:3'}}, {'player': {'id': 978, 'name': 'K. Havertz', 'number': 29, 'pos': 'F', 'grid': '4:2'}}, {'player': {'id': 127769, 'name': 'Gabriel Martinelli', 'number': 11, 'pos': 'F', 'grid': '4:1'}}]","[{'player': {'id': 38746, 'name': 'J. Timber', 'number': 12, 'pos': 'D', 'grid': None}}, {'player': {'id': 1946, 'name': 'L. Trossard', 'number': 19, 'pos': 'F', 'grid': None}}, {'player': {'id': 643, 'name': 'Gabriel Jesus', 'number': 9, 'pos': 'F', 'grid': None}}, {'player': {'id': 313236, 'name': 'E. Nwaneri', 'number': 53, 'pos': 'M', 'grid': None}}, {'player': {'id': 1468, 'name': 'E. Nketiah', 'number': 14, 'pos': 'F', 'grid': None}}, {'player': {'id': 157052, 'name': 'R. Calafiori', 'number': 33, 'pos': 'D', 'grid': None}}, {'player': {'id': 20355, 'name': 'A. Ramsdale', 'number': 1, 'pos': 'G', 'grid': None}}, {'player': {'id': 2289, 'name': 'Jorginho', 'number': 20, 'pos': 'M', 'grid': None}}, {'player': {'id': 727, 'name': 'R. Nelson', 'number': 24, 'pos': 'F', 'grid': None}}]",42,Arsenal,https://media.api-sports.io/football/teams/42.png,e10000,ffffff,e10000,00d5ff,ffffff,00d5ff,7248,Mikel Arteta,https://media.api-sports.io/football/coachs/7248.png
4-2-3-1,"[{'player': {'id': 1590, 'name': 'José Sá', 'number': 1, 'pos': 'G', 'grid': '1:1'}}, {'player': {'id': 18742, 'name': 'M. Doherty', 'number': 2, 'pos': 'D', 'grid': '2:4'}}, {'player': {'id': 195717, 'name': 'Y. Mosquera', 'number': 14, 'pos': 'D', 'grid': '2:3'}}, {'player': {'id': 41606, 'name': 'Toti Gomes', 'number': 24, 'pos': 'D', 'grid': '2:2'}}, {'player': {'id': 21138, 'name': 'R. Aït-Nouri', 'number': 3, 'pos': 'D', 'grid': '2:1'}}, {'player': {'id': 195103, 'name': 'João Gomes', 'number': 8, 'pos': 'M', 'grid': '3:2'}}, {'player': {'id': 18947, 'name': 'M. Lemina', 'number': 5, 'pos': 'M', 'grid': '3:1'}}, {'player': {'id': 24888, 'name': 'Hwang Hee-Chan', 'number': 11, 'pos': 'M', 'grid': '4:3'}}, {'player': {'id': 20665, 'name': 'J. Bellegarde', 'number': 27, 'pos': 'M', 'grid': '4:2'}}, {'player': {'id': 282770, 'name': 'Rodrigo Gomes', 'number': 19, 'pos': 'M', 'grid': '4:1'}}, {'player': {'id': 2032, 'name': 'J. Strand Larsen', 'number': 9, 'pos': 'F', 'grid': '5:1'}}]","[{'player': {'id': 1165, 'name': 'Matheus Cunha', 'number': 12, 'pos': 'F', 'grid': None}}, {'player': {'id': 1605, 'name': 'Daniel Podence', 'number': 10, 'pos': 'M', 'grid': None}}, {'player': {'id': 19147, 'name': 'C. Dawson', 'number': 15, 'pos': 'D', 'grid': None}}, {'player': {'id': 195962, 'name': 'Chiquinho', 'number': 23, 'pos': 'F', 'grid': None}}, {'player': {'id': 2056, 'name': 'Pablo Sarabia', 'number': 21, 'pos': 'M', 'grid': None}}, {'player': {'id': 135334, 'name': 'S. Bueno', 'number': 4, 'pos': 'D', 'grid': None}}, {'player': {'id': 925, 'name': 'Gonçalo Guedes', 'number': 29, 'pos': 'F', 'grid': None}}, {'player': {'id': 144732, 'name': 'T. Doyle', 'number': 20, 'pos': 'M', 'grid': None}}, {'player': {'id': 19341, 'name': 'D. Bentley', 'number': 25, 'pos': 'G', 'grid': None}}]",39,Wolves,https://media.api-sports.io/football/teams/39.png,fecd32,000000,fecd32,fe2e8c,ffffff,fe2e8c,18151,G. O'Neil,https://media.api-sports.io/football/coachs/18151.png
4-2-3-1,"[{'player': {'id': 2932, 'name': 'J. Pickford', 'number': 1, 'pos': 'G', 'grid': '1:1'}}, {'player': {'id': 894, 'name': 'A. Young', 'number': 18, 'pos': 'D', 'grid': '2:4'}}, {'player': {'id': 2936, 'name': 'J. Tarkowski', 'number': 6, 'pos': 'D', 'grid': '2:3'}}, {'player': {'id': 2934, 'name': 'M. Keane', 'number': 5, 'pos': 'D', 'grid': '2:2'}}, {'player': {'id': 2165, 'name': 'V. Mykolenko', 'number': 19, 'pos': 'D', 'grid': '2:1'}}, {'player': {'id': 284500, 'name': 'T. Iroegbunam', 'number': 42, 'pos': 'M', 'grid': '3:2'}}, {'player': {'id': 2990, 'name': 'I. Gueye', 'number': 27, 'pos': 'M', 'grid': '3:1'}}, {'player': {'id': 19128, 'name': 'J. Harrison', 'number': 11, 'pos': 'M', 'grid': '4:3'}}, {'player': {'id': 18805, 'name': 'A. Doucouré', 'number': 16, 'pos': 'M', 'grid': '4:2'}}, {'player': {'id': 18929, 'name': 'D. McNeil', 'number': 7, 'pos': 'M', 'grid': '4:1'}}, {'player': {'id': 18766, 'name': 'D. Calvert-Lewin', 'number': 9, 'pos': 'F', 'grid': '5:1'}}]","[{'player': {'id': 18592, 'name': 'I. Ndiaye', 'number': 10, 'pos': 'F', 'grid': None}}, {'player': {'id': 125743, 'name': 'Beto', 'number': 14, 'pos': 'F', 'grid': None}}, {'player': {'id': 19150, 'name': 'M. Holgate', 'number': 4, 'pos': 'D', 'grid': None}}, {'player': {'id': 405360, 'name': 'H. Armstrong', 'number': 45, 'pos': 'M', 'grid': None}}, {'player': {'id': 270139, 'name': ""J. O'Brien"", 'number': 15, 'pos': 'D', 'grid': None}}, {'player': {'id': 15884, 'name': 'J. Lindstrøm', 'number': 29, 'pos': 'M', 'grid': None}}, {'player': {'id': 297641, 'name': 'J. Metcalfe', 'number': 44, 'pos': 'M', 'grid': None}}, {'player': {'id': 18755, 'name': 'João Virgínia', 'number': 12, 'pos': 'G', 'grid': None}}, {'player': {'id': 19364, 'name': 'N. Maupay', 'number': 21, 'pos': 'F', 'grid': None}}]",45,Everton,https://media.api-sports.io/football/teams/45.png,0237ab,ffffff,0237ab,030303,ffffff,030303,7,S. Dyche,https://media.api-sports.io/football/coachs/7.png
4-2-3-1,"[{'player': {'id': 18960, 'name': 'J. Steele', 'number': 23, 'pos': 'G', 'grid': '1:1'}}, {'player': {'id': 537, 'name': 'J. Veltman', 'number': 34, 'pos': 'D', 'grid': '2:4'}}, {'player': {'id': 38695, 'name': 'J. van Hecke', 'number': 29, 'pos': 'D', 'grid': '2:3'}}, {'player': {'id': 18963, 'name': 'L. Dunk', 'number': 5, 'pos': 'D', 'grid': '2:2'}}, {'player': {'id': 305730, 'name': 'J. Hinshelwood', 'number': 41, 'pos': 'D', 'grid': '2:1'}}, {'player': {'id': 296, 'name': 'J. Milner', 'number': 6, 'pos': 'M', 'grid': '3:2'}}, {'player': {'id': 92993, 'name': 'M. Wieffer', 'number': 27, 'pos': 'M', 'grid': '3:1'}}, {'player': {'id': 383685, 'name': 'Y. Minteh', 'number': 17, 'pos': 'M', 'grid': '4:3'}}, {'player': {'id': 10329, 'name': 'João Pedro', 'number': 9, 'pos': 'M', 'grid': '4:2'}}, {'player': {'id': 106835, 'name': 'K. Mitoma', 'number': 22, 'pos': 'M', 'grid': '4:1'}}, {'player': {'id': 1469, 'name': 'D. Welbeck', 'number': 18, 'pos': 'F', 'grid': '5:1'}}]","[{'player': {'id': 301771, 'name': 'S. Adingra', 'number': 24, 'pos': 'F', 'grid': None}}, {'player': {'id': 19265, 'name': 'A. Webster', 'number': 4, 'pos': 'D', 'grid': None}}, {'player': {'id': 202086, 'name': 'J. Sarmiento', 'number': 16, 'pos': 'M', 'grid': None}}, {'player': {'id': 130423, 'name': 'B. Gilmour', 'number': 11, 'pos': 'M', 'grid': None}}, {'player': {'id': 265820, 'name': 'Y. Ayari', 'number': 26, 'pos': 'M', 'grid': None}}, {'player': {'id': 356041, 'name': 'C. Baleba', 'number': 20, 'pos': 'M', 'grid': None}}, {'player': {'id': 340135, 'name': 'M. O’Mahony', 'number': 51, 'pos': 'F', 'grid': None}}, {'player': {'id': 319572, 'name': 'V. Barco', 'number': 19, 'pos': 'D', 'grid': None}}, {'player': {'id': 278088, 'name': 'C. Rushworth', 'number': 39, 'pos': 'G', 'grid': None}}]",51,Brighton,https://media.api-sports.io/football/teams/51.png,fadb3c,0a0202,fadb3c,050505,ffffff,050505,19253,F. Hürzeler,https://media.api-sports.io/football/coachs/19253.png
4-3-3,"[{'player': {'id': 18911, 'name': 'N. Pope', 'number': 22, 'pos': 'G', 'grid': '1:1'}}, {'player': {'id': 158694, 'name': 'T. Livramento', 'number': 21, 'pos': 'D', 'grid': '2:4'}}, {'player': {'id': 2806, 'name': 'F. Schär', 'number': 5, 'pos': 'D', 'grid': '2:3'}}, {'player': {'id': 18961, 'name': 'D. Burn', 'number': 33, 'pos': 'D', 'grid': '2:2'}}, {'player': {'id': 284492, 'name': 'L. Hall', 'number': 20, 'pos': 'D', 'grid': '2:1'}}, {'player': {'id': 18901, 'name': 'S. Longstaff', 'number': 36, 'pos': 'M', 'grid': '3:3'}}, {'player': {'id': 10135, 'name': 'Bruno Guimarães', 'number': 39, 'pos': 'M', 'grid': '3:2'}}, {'player': {'id': 723, 'name': 'Joelinton', 'number': 7, 'pos': 'M', 'grid': '3:1'}}, {'player': {'id': 19163, 'name': 'J. Murphy', 'number': 23, 'pos': 'F', 'grid': '4:3'}}, {'player': {'id': 2864, 'name': 'A. Isak', 'number': 14, 'pos': 'F', 'grid': '4:2'}}, {'player': {'id': 138787, 'name': 'A. Gordon', 'number': 10, 'pos': 'F', 'grid': '4:1'}}]","[{'player': {'id': 2855, 'name': 'E. Krafth', 'number': 17, 'pos': 'D', 'grid': None}}, {'player': {'id': 18778, 'name': 'H. Barnes', 'number': 11, 'pos': 'M', 'grid': None}}, {'player': {'id': 19263, 'name': 'L. Kelly', 'number': 25, 'pos': 'D', 'grid': None}}, {'player': {'id': 2507, 'name': 'M. Almirón', 'number': 24, 'pos': 'M', 'grid': None}}, {'player': {'id': 315237, 'name': 'W. Osula', 'number': 18, 'pos': 'F', 'grid': None}}, {'player': {'id': 169, 'name': 'K. Trippier', 'number': 2, 'pos': 'D', 'grid': None}}, {'player': {'id': 1463, 'name': 'J. Willock', 'number': 28, 'pos': 'M', 'grid': None}}, {'player': {'id': 18941, 'name': 'M. Targett', 'number': 13, 'pos': 'D', 'grid': None}}, {'player': {'id': 18886, 'name': 'M. Dúbravka', 'number': 1, 'pos': 'G', 'grid': None}}]",34,Newcastle,https://media.api-sports.io/football/teams/34.png,ffffff,f03929,ffffff,4ed4e8,000000,4ed4e8,5,E. Howe,https://media.api-sports.io/football/coachs/5.png
3-5-2,"[{'player': {'id': 18935, 'name': 'A. McCarthy', 'number': 1, 'pos': 'G', 'grid': '1:1'}}, {'player': {'id': 144729, 'name': 'T. Harwood-Bellis', 'number': 6, 'pos': 'D', 'grid': '2:3'}}, {'player': {'id': 2999, 'name': 'J. Bednarek', 'number': 35, 'pos': 'D', 'grid': '2:2'}}, {'player': {'id': 18940, 'name': 'J. Stephens', 'number': 5, 'pos': 'D', 'grid': '2:1'}}, {'player': {'id': 32887, 'name': 'Y. Sugawara', 'number': 16, 'pos': 'M', 'grid': '3:5'}}, {'player': {'id': 130421, 'name': 'W. Smallbone', 'number': 8, 'pos': 'M', 'grid': '3:4'}}, {'player': {'id': 19733, 'name': 'F. Downes', 'number': 4, 'pos': 'M', 'grid': '3:3'}}, {'player': {'id': 19825, 'name': 'J. Aribo', 'number': 7, 'pos': 'M', 'grid': '3:2'}}, {'player': {'id': 171, 'name': 'K. Walker-Peters', 'number': 2, 'pos': 'M', 'grid': '3:1'}}, {'player': {'id': 19484, 'name': 'A. Armstrong', 'number': 9, 'pos': 'F', 'grid': '4:2'}}, {'player': {'id': 19485, 'name': 'B. Brereton', 'number': 17, 'pos': 'F', 'grid': '4:1'}}]","[{'player': {'id': 278085, 'name': 'S. Edozie', 'number': 23, 'pos': 'M', 'grid': None}}, {'player': {'id': 304317, 'name': 'T. Dibling', 'number': 33, 'pos': 'M', 'grid': None}}, {'player': {'id': 137302, 'name': 'C. Archer', 'number': 19, 'pos': 'F', 'grid': None}}, {'player': {'id': 334035, 'name': 'S. Amo-Ameyaw', 'number': 27, 'pos': 'F', 'grid': None}}, {'player': {'id': 195993, 'name': 'C. Alcaraz', 'number': 22, 'pos': 'M', 'grid': None}}, {'player': {'id': 19573, 'name': 'J. Lumley', 'number': 13, 'pos': 'G', 'grid': None}}, {'player': {'id': 19248, 'name': 'N. Wood-Gordon', 'number': 15, 'pos': 'D', 'grid': None}}, {'player': {'id': 19719, 'name': 'J. Bree', 'number': 14, 'pos': 'D', 'grid': None}}, {'player': {'id': 18918, 'name': 'C. Taylor', 'number': 21, 'pos': 'D', 'grid': None}}]",41,Southampton,https://media.api-sports.io/football/teams/41.png,bed839,fcf3f3,bed839,3cabb0,ffffff,3cabb0,6025,R. Martin,https://media.api-sports.io/football/coachs/6025.png
4-2-3-1,"[{'player': {'id': 2919, 'name': 'M. Sels', 'number': 26, 'pos': 'G', 'grid': '1:1'}}, {'player': {'id': 138780, 'name': 'N. Williams', 'number': 7, 'pos': 'D', 'grid': '2:4'}}, {'player': {'id': 18739, 'name': 'W. Boly', 'number': 30, 'pos': 'D', 'grid': '2:3'}}, {'player': {'id': 363695, 'name': 'Murillo', 'number': 5, 'pos': 'D', 'grid': '2:2'}}, {'player': {'id': 2771, 'name': 'O. Aina', 'number': 34, 'pos': 'D', 'grid': '2:1'}}, {'player': {'id': 22149, 'name': 'I. Sangaré', 'number': 6, 'pos': 'M', 'grid': '3:2'}}, {'player': {'id': 275170, 'name': 'Danilo', 'number': 28, 'pos': 'M', 'grid': '3:1'}}, {'player': {'id': 153430, 'name': 'A. Elanga', 'number': 21, 'pos': 'M', 'grid': '4:3'}}, {'player': {'id': 18746, 'name': 'M. Gibbs-White', 'number': 10, 'pos': 'M', 'grid': '4:2'}}, {'player': {'id': 2298, 'name': 'C. Hudson-Odoi', 'number': 14, 'pos': 'M', 'grid': '4:1'}}, {'player': {'id': 18931, 'name': 'C. Wood', 'number': 11, 'pos': 'F', 'grid': '5:1'}}]","[{'player': {'id': 19305, 'name': 'R. Yates', 'number': 22, 'pos': 'M', 'grid': None}}, {'player': {'id': 17365, 'name': 'H. Toffolo', 'number': 15, 'pos': 'D', 'grid': None}}, {'player': {'id': 6056, 'name': 'N. Domínguez', 'number': 16, 'pos': 'M', 'grid': None}}, {'player': {'id': 138908, 'name': 'E. Anderson', 'number': 8, 'pos': 'M', 'grid': None}}, {'player': {'id': 8598, 'name': 'T. Awoniyi', 'number': 9, 'pos': 'F', 'grid': None}}, {'player': {'id': 10373, 'name': 'Carlos Miguel', 'number': 33, 'pos': 'G', 'grid': None}}, {'player': {'id': 147835, 'name': 'A. Omobamidele', 'number': 12, 'pos': 'D', 'grid': None}}, {'player': {'id': 380492, 'name': 'E. da Silva Moreira', 'number': 17, 'pos': 'F', 'grid': None}}, {'player': {'id': 141901, 'name': 'Jota Silva', 'number': 20, 'pos': 'F', 'grid': None}}]",65,Nottingham Forest,https://media.api-sports.io/football/teams/65.png,ff0000,ffffff,ff0000,fff900,0e0b0b,fff900,16,Nuno Espírito Santo,https://media.api-sports.io/football/coachs/16.png
4-2-3-1,"[{'player': {'id': 912, 'name': 'Neto', 'number': 1, 'pos': 'G', 'grid': '1:1'}}, {'player': {'id': 18869, 'name': 'A. Smith', 'number': 15, 'pos': 'D', 'grid': '2:4'}}, {'player': {'id': 161671, 'name': 'I. Zabarnyi', 'number': 27, 'pos': 'D', 'grid': '2:3'}}, {'player': {'id': 361497, 'name': 'Dean Huijsen', 'number': 2, 'pos': 'D', 'grid': '2:2'}}, {'player': {'id': 206254, 'name': 'M. Kerkez', 'number': 3, 'pos': 'D', 'grid': '2:1'}}, {'player': {'id': 304853, 'name': 'A. Scott', 'number': 14, 'pos': 'M', 'grid': '3:2'}}, {'player': {'id': 18872, 'name': 'L. Cook', 'number': 4, 'pos': 'M', 'grid': '3:1'}}, {'player': {'id': 284797, 'name': 'D. Ouattara', 'number': 11, 'pos': 'M', 'grid': '4:3'}}, {'player': {'id': 19245, 'name': 'M. Tavernier', 'number': 16, 'pos': 'M', 'grid': '4:2'}}, {'player': {'id': 37161, 'name': 'L. Sinisterra', 'number': 17, 'pos': 'M', 'grid': '4:1'}}, {'player': {'id': 19281, 'name': 'A. Semenyo', 'number': 24, 'pos': 'F', 'grid': '5:1'}}]","[{'player': {'id': 51051, 'name': 'J. Araujo', 'number': 28, 'pos': 'D', 'grid': None}}, {'player': {'id': 1125, 'name': 'R. Christie', 'number': 10, 'pos': 'M', 'grid': None}}, {'player': {'id': 792, 'name': 'J. Kluivert', 'number': 19, 'pos': 'F', 'grid': None}}, {'player': {'id': 296458, 'name': 'D. Jebbison', 'number': 21, 'pos': 'F', 'grid': None}}, {'player': {'id': 2734, 'name': 'P. Billing', 'number': 29, 'pos': 'M', 'grid': None}}, {'player': {'id': 196855, 'name': 'J. Anthony', 'number': 32, 'pos': 'F', 'grid': None}}, {'player': {'id': 31057, 'name': 'H. Traorè', 'number': 22, 'pos': 'M', 'grid': None}}, {'player': {'id': 20093, 'name': 'J. Hill', 'number': 23, 'pos': 'D', 'grid': None}}, {'player': {'id': 18860, 'name': 'M. Travers', 'number': 42, 'pos': 'G', 'grid': None}}]",35,Bournemouth,https://media.api-sports.io/football/teams/35.png,b5e6ff,326a9e,b5e6ff,f1ee3f,020300,f1ee3f,2108,Andoni Iraola,https://media.api-sports.io/football/coachs/2108.png
4-1-4-1,"[{'player': {'id': 253, 'name': 'A. Areola', 'number': 23, 'pos': 'G', 'grid': '1:1'}}, {'player': {'id': 1231, 'name': 'V. Coufal', 'number': 5, 'pos': 'D', 'grid': '2:4'}}, {'player': {'id': 1445, 'name': 'K. Mavropanos', 'number': 15, 'pos': 'D', 'grid': '2:3'}}, {'player': {'id': 18744, 'name': 'M. Kilman', 'number': 26, 'pos': 'D', 'grid': '2:2'}}, {'player': {'id': 2284, 'name': 'Emerson', 'number': 33, 'pos': 'D', 'grid': '2:1'}}, {'player': {'id': 2476, 'name': 'G. Rodríguez', 'number': 24, 'pos': 'M', 'grid': '3:1'}}, {'player': {'id': 19428, 'name': 'J. Bowen', 'number': 20, 'pos': 'M', 'grid': '4:4'}}, {'player': {'id': 1243, 'name': 'T. Souček', 'number': 28, 'pos': 'M', 'grid': '4:3'}}, {'player': {'id': 1646, 'name': 'Lucas Paquetá', 'number': 10, 'pos': 'M', 'grid': '4:2'}}, {'player': {'id': 15911, 'name': 'M. Kudus', 'number': 14, 'pos': 'M', 'grid': '4:1'}}, {'player': {'id': 18819, 'name': 'M. Antonio', 'number': 9, 'pos': 'F', 'grid': '5:1'}}]","[{'player': {'id': 25391, 'name': 'N. Füllkrug', 'number': 11, 'pos': 'F', 'grid': None}}, {'player': {'id': 37724, 'name': 'C. Summerville', 'number': 7, 'pos': 'F', 'grid': None}}, {'player': {'id': 2938, 'name': 'J. Ward-Prowse', 'number': 8, 'pos': 'M', 'grid': None}}, {'player': {'id': 18955, 'name': 'D. Ings', 'number': 18, 'pos': 'F', 'grid': None}}, {'player': {'id': 138, 'name': 'J. Todibo', 'number': 25, 'pos': 'D', 'grid': None}}, {'player': {'id': 18813, 'name': 'A. Cresswell', 'number': 3, 'pos': 'D', 'grid': None}}, {'player': {'id': 2997, 'name': 'Ł. Fabiański', 'number': 1, 'pos': 'G', 'grid': None}}, {'player': {'id': 68466, 'name': 'A. Irving', 'number': 39, 'pos': 'M', 'grid': None}}, {'player': {'id': 18846, 'name': 'A. Wan-Bissaka', 'number': 29, 'pos': 'D', 'grid': None}}]",48,West Ham,https://media.api-sports.io/football/teams/48.png,74112e,ffffff,74112e,81e175,ffffff,81e175,1594,Lopetegui,https://media.api-sports.io/football/coachs/1594.png
4-2-3-1,"[{'player': {'id': 19599, 'name': 'E. Martínez', 'number': 23, 'pos': 'G', 'grid': '1:1'}}, {'player': {'id': 19298, 'name': 'M. Cash', 'number': 2, 'pos': 'D', 'grid': '2:4'}}, {'player': {'id': 19354, 'name': 'E. Konsa', 'number': 4, 'pos': 'D', 'grid': '2:3'}}, {'player': {'id': 46815, 'name': 'Pau Torres', 'number': 14, 'pos': 'D', 'grid': '2:2'}}, {'player': {'id': 2724, 'name': 'L. Digne', 'number': 12, 'pos': 'D', 'grid': '2:1'}}, {'player': {'id': 162714, 'name': 'A. Onana', 'number': 24, 'pos': 'M', 'grid': '3:2'}}, {'player': {'id': 2926, 'name': 'Y. Tielemans', 'number': 8, 'pos': 'M', 'grid': '3:1'}}, {'player': {'id': 983, 'name': 'L. Bailey', 'number': 31, 'pos': 'M', 'grid': '4:3'}}, {'player': {'id': 19170, 'name': 'M. Rogers', 'number': 27, 'pos': 'M', 'grid': '4:2'}}, {'player': {'id': 19191, 'name': 'J. McGinn', 'number': 7, 'pos': 'M', 'grid': '4:1'}}, {'player': {'id': 19366, 'name': 'O. Watkins', 'number': 11, 'pos': 'F', 'grid': '5:1'}}]","[{'player': {'id': 13489, 'name': 'J. Durán', 'number': 9, 'pos': 'F', 'grid': None}}, {'player': {'id': 19192, 'name': 'J. Ramsey', 'number': 41, 'pos': 'M', 'grid': None}}, {'player': {'id': 138816, 'name': 'I. Maatsen', 'number': 22, 'pos': 'D', 'grid': None}}, {'player': {'id': 138931, 'name': 'J. Philogene', 'number': 19, 'pos': 'F', 'grid': None}}, {'player': {'id': 342320, 'name': 'K. Nedeljković', 'number': 20, 'pos': 'D', 'grid': None}}, {'player': {'id': 21090, 'name': 'Diego Carlos', 'number': 3, 'pos': 'D', 'grid': None}}, {'player': {'id': 19071, 'name': 'E. Buendía', 'number': 10, 'pos': 'M', 'grid': None}}, {'player': {'id': 7029, 'name': 'J. Gauci', 'number': 18, 'pos': 'G', 'grid': None}}, {'player': {'id': 2287, 'name': 'R. Barkley', 'number': 6, 'pos': 'M', 'grid': None}}]",66,Aston Villa,https://media.api-sports.io/football/teams/66.png,ffffff,890b0b,ffffff,000000,ffffff,000000,18,Unai Emery,https://media.api-sports.io/football/coachs/18.png
4-3-3,"[{'player': {'id': 26232, 'name': 'M. Flekken', 'number': 1, 'pos': 'G', 'grid': '1:1'}}, {'player': {'id': 15745, 'name': 'M. Roerslev', 'number': 30, 'pos': 'D', 'grid': '2:4'}}, {'player': {'id': 19495, 'name': 'N. Collins', 'number': 22, 'pos': 'D', 'grid': '2:3'}}, {'player': {'id': 19789, 'name': 'E. Pinnock', 'number': 5, 'pos': 'D', 'grid': '2:2'}}, {'player': {'id': 1119, 'name': 'K. Ajer', 'number': 20, 'pos': 'D', 'grid': '2:1'}}, {'player': {'id': 30407, 'name': 'C. Nørgaard', 'number': 6, 'pos': 'M', 'grid': '3:3'}}, {'player': {'id': 25073, 'name': 'V. Janelt', 'number': 27, 'pos': 'M', 'grid': '3:2'}}, {'player': {'id': 47438, 'name': 'M. Jensen', 'number': 8, 'pos': 'M', 'grid': '3:1'}}, {'player': {'id': 20589, 'name': 'B. Mbeumo', 'number': 19, 'pos': 'F', 'grid': '4:3'}}, {'player': {'id': 20649, 'name': 'Y. Wissa', 'number': 11, 'pos': 'F', 'grid': '4:2'}}, {'player': {'id': 178077, 'name': 'K. Schade', 'number': 7, 'pos': 'F', 'grid': '4:1'}}]","[{'player': {'id': 15908, 'name': 'M. Damsgaard', 'number': 24, 'pos': 'M', 'grid': None}}, {'player': {'id': 106725, 'name': 'K. Lewis-Potter', 'number': 23, 'pos': 'F', 'grid': None}}, {'player': {'id': 15799, 'name': 'F. Onyeka', 'number': 15, 'pos': 'M', 'grid': None}}, {'player': {'id': 153066, 'name': 'Fábio Carvalho', 'number': 14, 'pos': 'M', 'grid': None}}, {'player': {'id': 18917, 'name': 'B. Mee', 'number': 16, 'pos': 'D', 'grid': None}}, {'player': {'id': 382925, 'name': 'R. Trevitt', 'number': 28, 'pos': 'M', 'grid': None}}, {'player': {'id': 263538, 'name': 'Y. Yarmoliuk', 'number': 18, 'pos': 'M', 'grid': None}}, {'player': {'id': 61742, 'name': 'H. Valdimarsson', 'number': 12, 'pos': 'G', 'grid': None}}, {'player': {'id': 180308, 'name': 'M. Peart-Harris', 'number': 25, 'pos': 'M', 'grid': None}}]",55,Brentford,https://media.api-sports.io/football/teams/55.png,ff0000,000000,ff0000,fa00ff,ffffff,fa00ff,90,T. Frank,https://media.api-sports.io/football/coachs/90.png
3-4-2-1,"[{'player': {'id': 19088, 'name': 'D. Henderson', 'number': 1, 'pos': 'G', 'grid': '1:1'}}, {'player': {'id': 126949, 'name': 'C. Richards', 'number': 26, 'pos': 'D', 'grid': '2:3'}}, {'player': {'id': 2729, 'name': 'J. Andersen', 'number': 5, 'pos': 'D', 'grid': '2:2'}}, {'player': {'id': 67971, 'name': 'M. Guéhi', 'number': 6, 'pos': 'D', 'grid': '2:1'}}, {'player': {'id': 13736, 'name': 'D. Muñoz', 'number': 12, 'pos': 'M', 'grid': '3:4'}}, {'player': {'id': 288102, 'name': 'A. Wharton', 'number': 20, 'pos': 'M', 'grid': '3:3'}}, {'player': {'id': 18806, 'name': 'W. Hughes', 'number': 19, 'pos': 'M', 'grid': '3:2'}}, {'player': {'id': 182201, 'name': 'T. Mitchell', 'number': 3, 'pos': 'M', 'grid': '3:1'}}, {'player': {'id': 2601, 'name': 'D. Kamada', 'number': 18, 'pos': 'F', 'grid': '4:2'}}, {'player': {'id': 19586, 'name': 'E. Eze', 'number': 10, 'pos': 'F', 'grid': '4:1'}}, {'player': {'id': 25927, 'name': 'J. Mateta', 'number': 14, 'pos': 'F', 'grid': '5:1'}}]","[{'player': {'id': 1135, 'name': 'O. Édouard', 'number': 22, 'pos': 'F', 'grid': None}}, {'player': {'id': 3428, 'name': 'J. Ayew', 'number': 9, 'pos': 'F', 'grid': None}}, {'player': {'id': 2490, 'name': 'J. Lerma', 'number': 8, 'pos': 'M', 'grid': None}}, {'player': {'id': 2218, 'name': 'I. Sarr', 'number': 7, 'pos': 'F', 'grid': None}}, {'player': {'id': 3339, 'name': 'C. Doucouré', 'number': 28, 'pos': 'M', 'grid': None}}, {'player': {'id': 18843, 'name': 'J. Schlupp', 'number': 15, 'pos': 'M', 'grid': None}}, {'player': {'id': 18862, 'name': 'N. Clyne', 'number': 17, 'pos': 'D', 'grid': None}}, {'player': {'id': 19143, 'name': 'S. Johnstone', 'number': 32, 'pos': 'G', 'grid': None}}, {'player': {'id': 278898, 'name': 'C. Riad', 'number': 34, 'pos': 'D', 'grid': None}}]",52,Crystal Palace,https://media.api-sports.io/football/teams/52.png,1017da,ffffff,1017da,31e631,ffffff,31e631,1534,O. Glasner,https://media.api-sports.io/football/coachs/1534.png
4-2-3-1,"[{'player': {'id': 18959, 'name': 'Robert Sánchez', 'number': 1, 'pos': 'G', 'grid': '1:1'}}, {'player': {'id': 161907, 'name': 'M. Gusto', 'number': 27, 'pos': 'D', 'grid': '2:4'}}, {'player': {'id': 22094, 'name': 'W. Fofana', 'number': 29, 'pos': 'D', 'grid': '2:3'}}, {'player': {'id': 152953, 'name': 'L. Colwill', 'number': 6, 'pos': 'D', 'grid': '2:2'}}, {'player': {'id': 47380, 'name': 'Marc Cucurella', 'number': 3, 'pos': 'D', 'grid': '2:1'}}, {'player': {'id': 116117, 'name': 'M. Caicedo', 'number': 25, 'pos': 'M', 'grid': '3:2'}}, {'player': {'id': 282125, 'name': 'R. Lavia', 'number': 45, 'pos': 'M', 'grid': '3:1'}}, {'player': {'id': 152982, 'name': 'C. Palmer', 'number': 20, 'pos': 'M', 'grid': '4:3'}}, {'player': {'id': 5996, 'name': 'Enzo Fernández', 'number': 8, 'pos': 'M', 'grid': '4:2'}}, {'player': {'id': 269, 'name': 'C. Nkunku', 'number': 18, 'pos': 'M', 'grid': '4:1'}}, {'player': {'id': 283058, 'name': 'N. Jackson', 'number': 15, 'pos': 'F', 'grid': '5:1'}}]","[{'player': {'id': 1864, 'name': 'Pedro Neto', 'number': 19, 'pos': 'F', 'grid': None}}, {'player': {'id': 392270, 'name': 'Marc Guiu', 'number': 38, 'pos': 'F', 'grid': None}}, {'player': {'id': 148099, 'name': 'K. Dewsbury-Hall', 'number': 22, 'pos': 'M', 'grid': None}}, {'player': {'id': 336671, 'name': 'Renato Veiga', 'number': 40, 'pos': 'M', 'grid': None}}, {'player': {'id': 136723, 'name': 'N. Madueke', 'number': 11, 'pos': 'F', 'grid': None}}, {'player': {'id': 286616, 'name': 'F. Jørgensen', 'number': 12, 'pos': 'G', 'grid': None}}, {'player': {'id': 95, 'name': 'B. Badiashile', 'number': 5, 'pos': 'D', 'grid': None}}, {'player': {'id': 63577, 'name': 'M. Mudryk', 'number': 10, 'pos': 'M', 'grid': None}}, {'player': {'id': 19145, 'name': 'T. Adarabioyo', 'number': 4, 'pos': 'D', 'grid': None}}]",49,Chelsea,https://media.api-sports.io/football/teams/49.png,1532c1,ffffff,1532c1,f5ed00,050505,f5ed00,12629,E. Maresca,https://media.api-sports.io/football/coachs/12629.png
3-2-4-1,"[{'player': {'id': 617, 'name': 'Ederson', 'number': 31, 'pos': 'G', 'grid': '1:1'}}, {'player': {'id': 5, 'name': 'M. Akanji', 'number': 25, 'pos': 'D', 'grid': '2:3'}}, {'player': {'id': 567, 'name': 'Rúben Dias', 'number': 3, 'pos': 'D', 'grid': '2:2'}}, {'player': {'id': 129033, 'name': 'J. Gvardiol', 'number': 24, 'pos': 'D', 'grid': '2:1'}}, {'player': {'id': 284230, 'name': 'R. Lewis', 'number': 82, 'pos': 'M', 'grid': '3:2'}}, {'player': {'id': 2291, 'name': 'M. Kovačić', 'number': 8, 'pos': 'M', 'grid': '3:1'}}, {'player': {'id': 1422, 'name': 'J. Doku', 'number': 11, 'pos': 'F', 'grid': '4:4'}}, {'player': {'id': 636, 'name': 'Bernardo Silva', 'number': 20, 'pos': 'M', 'grid': '4:3'}}, {'player': {'id': 629, 'name': 'K. De Bruyne', 'number': 17, 'pos': 'M', 'grid': '4:2'}}, {'player': {'id': 266657, 'name': 'Savinho', 'number': 26, 'pos': 'F', 'grid': '4:1'}}, {'player': {'id': 1100, 'name': 'E. Haaland', 'number': 9, 'pos': 'F', 'grid': '5:1'}}]","[{'player': {'id': 631, 'name': 'P. Foden', 'number': 47, 'pos': 'M', 'grid': None}}, {'player': {'id': 19187, 'name': 'J. Grealish', 'number': 10, 'pos': 'M', 'grid': None}}, {'player': {'id': 25004, 'name': 'S. Ortega', 'number': 18, 'pos': 'G', 'grid': None}}, {'player': {'id': 626, 'name': 'J. Stones', 'number': 5, 'pos': 'D', 'grid': None}}, {'player': {'id': 307123, 'name': ""N. O'Reilly"", 'number': 75, 'pos': 'M', 'grid': None}}, {'player': {'id': 18861, 'name': 'N. Aké', 'number': 6, 'pos': 'D', 'grid': None}}, {'player': {'id': 158697, 'name': 'J. McAtee', 'number': 87, 'pos': 'M', 'grid': None}}, {'player': {'id': 627, 'name': 'K. Walker', 'number': 2, 'pos': 'D', 'grid': None}}, {'player': {'id': 41621, 'name': 'Matheus Nunes', 'number': 27, 'pos': 'M', 'grid': None}}]",50,Manchester City,https://media.api-sports.io/football/teams/50.png,abd1f5,004e85,abd1f5,00cc0f,ffffff,00cc0f,4,Pep Guardiola,https://media.api-sports.io/football/coachs/4.png
4-2-3-1,"[{'player': {'id': 15870, 'name': 'M. Hermansen', 'number': 30, 'pos': 'G', 'grid': '1:1'}}, {'player': {'id': 19760, 'name': 'J. Justin', 'number': 2, 'pos': 'D', 'grid': '2:4'}}, {'player': {'id': 18943, 'name': 'J. Vestergaard', 'number': 23, 'pos': 'D', 'grid': '2:3'}}, {'player': {'id': 8694, 'name': 'W. Faes', 'number': 3, 'pos': 'D', 'grid': '2:2'}}, {'player': {'id': 158710, 'name': 'V. Kristiansen', 'number': 16, 'pos': 'D', 'grid': '2:1'}}, {'player': {'id': 182, 'name': 'H. Winks', 'number': 8, 'pos': 'M', 'grid': '3:2'}}, {'player': {'id': 18786, 'name': 'W. Ndidi', 'number': 6, 'pos': 'M', 'grid': '3:1'}}, {'player': {'id': 303467, 'name': 'A. Fatawu', 'number': 7, 'pos': 'M', 'grid': '4:3'}}, {'player': {'id': 311334, 'name': 'F. Buonanotte', 'number': 40, 'pos': 'M', 'grid': '4:2'}}, {'player': {'id': 19004, 'name': 'B. De Cordova-Reid', 'number': 14, 'pos': 'M', 'grid': '4:1'}}, {'player': {'id': 18788, 'name': 'J. Vardy', 'number': 9, 'pos': 'F', 'grid': '5:1'}}]","[{'player': {'id': 22233, 'name': 'B. Soumaré', 'number': 24, 'pos': 'M', 'grid': None}}, {'player': {'id': 879, 'name': 'S. Mavididi', 'number': 10, 'pos': 'F', 'grid': None}}, {'player': {'id': 283290, 'name': 'K. McAteer', 'number': 35, 'pos': 'M', 'grid': None}}, {'player': {'id': 215874, 'name': 'T. Cannon', 'number': 28, 'pos': 'F', 'grid': None}}, {'player': {'id': 278118, 'name': 'B. Nelson', 'number': 26, 'pos': 'D', 'grid': None}}, {'player': {'id': 18146, 'name': 'D. Ward', 'number': 1, 'pos': 'G', 'grid': None}}, {'player': {'id': 30427, 'name': 'C. Okoli', 'number': 5, 'pos': 'D', 'grid': None}}, {'player': {'id': 18771, 'name': 'Ricardo Pereira', 'number': 21, 'pos': 'D', 'grid': None}}, {'player': {'id': 18779, 'name': 'H. Choudhury', 'number': 17, 'pos': 'M', 'grid': None}}]",46,Leicester,https://media.api-sports.io/football/teams/46.png,2424eb,ffffff,2424eb,4a4a4a,ffffff,4a4a4a,98,S. Cooper,https://media.api-sports.io/football/coachs/98.png
4-3-3,"[{'player': {'id': 31354, 'name': 'G. Vicario', 'number': 1, 'pos': 'G', 'grid': '1:1'}}, {'player': {'id': 47519, 'name': 'Pedro Porro', 'number': 23, 'pos': 'D', 'grid': '2:4'}}, {'player': {'id': 30776, 'name': 'C. Romero', 'number': 17, 'pos': 'D', 'grid': '2:3'}}, {'player': {'id': 152849, 'name': 'M. van de Ven', 'number': 37, 'pos': 'D', 'grid': '2:2'}}, {'player': {'id': 204039, 'name': 'D. Udogie', 'number': 13, 'pos': 'D', 'grid': '2:1'}}, {'player': {'id': 237129, 'name': 'P. Sarr', 'number': 29, 'pos': 'M', 'grid': '3:3'}}, {'player': {'id': 863, 'name': 'R. Bentancur', 'number': 30, 'pos': 'M', 'grid': '3:2'}}, {'player': {'id': 18784, 'name': 'J. Maddison', 'number': 10, 'pos': 'M', 'grid': '3:1'}}, {'player': {'id': 129711, 'name': 'B. Johnson', 'number': 22, 'pos': 'F', 'grid': '4:3'}}, {'player': {'id': 18883, 'name': 'D. Solanke', 'number': 19, 'pos': 'F', 'grid': '4:2'}}, {'player': {'id': 186, 'name': 'Son Heung-Min', 'number': 7, 'pos': 'F', 'grid': '4:1'}}]","[{'player': {'id': 328089, 'name': 'A. Gray', 'number': 14, 'pos': 'M', 'grid': None}}, {'player': {'id': 1166, 'name': 'T. Werner', 'number': 16, 'pos': 'F', 'grid': None}}, {'player': {'id': 347316, 'name': 'L. Bergvall', 'number': 15, 'pos': 'M', 'grid': None}}, {'player': {'id': 30435, 'name': 'D. Kulusevski', 'number': 21, 'pos': 'M', 'grid': None}}, {'player': {'id': 19235, 'name': 'D. Spence', 'number': 24, 'pos': 'D', 'grid': None}}, {'player': {'id': 2413, 'name': 'Richarlison', 'number': 9, 'pos': 'F', 'grid': None}}, {'player': {'id': 164, 'name': 'B. Davies', 'number': 33, 'pos': 'D', 'grid': None}}, {'player': {'id': 162498, 'name': 'R. Drăgușin', 'number': 6, 'pos': 'D', 'grid': None}}, {'player': {'id': 156428, 'name': 'B. Austin', 'number': 40, 'pos': 'G', 'grid': None}}]",47,Tottenham,https://media.api-sports.io/football/teams/47.png,ffffff,001e6c,ffffff,a9f3ff,131314,a9f3ff,548,A. Postecoglou,https://media.api-sports.io/football/coachs/548.png
